"filename", "language", "Python", "Markdown", "YAML", "JavaScript", "HTML", "JSON", "CSS", "pip requirements", "JSON with Comments", "TypeScript", "comment", "blank", "total"
"/Users/nemo/Desktop/Python/bilibili_api/.github/CONTRIBUTING.md", "Markdown", 0, 46, 0, 0, 0, 0, 0, 0, 0, 0, 0, 35, 81
"/Users/nemo/Desktop/Python/bilibili_api/.github/ISSUE_TEMPLATE/config.yml", "YAML", 0, 0, 1, 0, 0, 0, 0, 0, 0, 0, 0, 0, 1
"/Users/nemo/Desktop/Python/bilibili_api/.github/ISSUE_TEMPLATE/ivideo.md", "Markdown", 0, 8, 0, 0, 0, 0, 0, 0, 0, 0, 0, 3, 11
"/Users/nemo/Desktop/Python/bilibili_api/.github/ISSUE_TEMPLATE/needs.md", "Markdown", 0, 8, 0, 0, 0, 0, 0, 0, 0, 0, 0, 3, 11
"/Users/nemo/Desktop/Python/bilibili_api/.github/ISSUE_TEMPLATE/question.md", "Markdown", 0, 12, 0, 0, 0, 0, 0, 0, 0, 0, 0, 7, 19
"/Users/nemo/Desktop/Python/bilibili_api/.github/ISSUE_TEMPLATE/suggestion.md", "Markdown", 0, 8, 0, 0, 0, 0, 0, 0, 0, 0, 0, 2, 10
"/Users/nemo/Desktop/Python/bilibili_api/.github/ISSUE_TEMPLATE/troubleshooting.md", "Markdown", 0, 22, 0, 0, 0, 0, 0, 0, 0, 0, 0, 13, 35
"/Users/nemo/Desktop/Python/bilibili_api/.github/PULL_REQUEST_TEMPLATE.md", "Markdown", 0, 4, 0, 0, 0, 0, 0, 0, 0, 0, 2, 3, 9
"/Users/nemo/Desktop/Python/bilibili_api/.github/workflows/python-publish.yml", "YAML", 0, 0, 24, 0, 0, 0, 0, 0, 0, 0, 2, 6, 32
"/Users/nemo/Desktop/Python/bilibili_api/README.md", "Markdown", 0, 125, 0, 0, 0, 0, 0, 0, 0, 0, 0, 56, 181
"/Users/nemo/Desktop/Python/bilibili_api/bilibili_api/__init__.py", "Python", 47, 0, 0, 0, 0, 0, 0, 0, 0, 0, 2, 7, 56
"/Users/nemo/Desktop/Python/bilibili_api/bilibili_api/app.py", "Python", 66, 0, 0, 0, 0, 0, 0, 0, 0, 0, 31, 13, 110
"/Users/nemo/Desktop/Python/bilibili_api/bilibili_api/article.py", "Python", 489, 0, 0, 0, 0, 0, 0, 0, 0, 0, 102, 199, 790
"/Users/nemo/Desktop/Python/bilibili_api/bilibili_api/ass.py", "Python", 129, 0, 0, 0, 0, 0, 0, 0, 0, 0, 80, 14, 223
"/Users/nemo/Desktop/Python/bilibili_api/bilibili_api/audio.py", "Python", 48, 0, 0, 0, 0, 0, 0, 0, 0, 0, 51, 24, 123
"/Users/nemo/Desktop/Python/bilibili_api/bilibili_api/bangumi.py", "Python", 124, 0, 0, 0, 0, 0, 0, 0, 0, 0, 83, 43, 250
"/Users/nemo/Desktop/Python/bilibili_api/bilibili_api/channel.py", "Python", 67, 0, 0, 0, 0, 0, 0, 0, 0, 0, 48, 18, 133
"/Users/nemo/Desktop/Python/bilibili_api/bilibili_api/cheese.py", "Python", 392, 0, 0, 0, 0, 0, 0, 0, 0, 0, 106, 55, 553
"/Users/nemo/Desktop/Python/bilibili_api/bilibili_api/comment.py", "Python", 115, 0, 0, 0, 0, 0, 0, 0, 0, 0, 127, 36, 278
"/Users/nemo/Desktop/Python/bilibili_api/bilibili_api/data/api/README.md", "Markdown", 0, 3, 0, 0, 0, 0, 0, 0, 0, 0, 0, 3, 6
"/Users/nemo/Desktop/Python/bilibili_api/bilibili_api/data/api/app.json", "JSON", 0, 0, 0, 0, 0, 29, 0, 0, 0, 0, 0, 0, 29
"/Users/nemo/Desktop/Python/bilibili_api/bilibili_api/data/api/article.json", "JSON", 0, 0, 0, 0, 0, 64, 0, 0, 0, 0, 0, 0, 64
"/Users/nemo/Desktop/Python/bilibili_api/bilibili_api/data/api/audio.json", "JSON", 0, 0, 0, 0, 0, 108, 0, 0, 0, 0, 0, 0, 108
"/Users/nemo/Desktop/Python/bilibili_api/bilibili_api/data/api/bangumi.json", "JSON", 0, 0, 0, 0, 0, 106, 0, 0, 0, 0, 0, 0, 106
"/Users/nemo/Desktop/Python/bilibili_api/bilibili_api/data/api/channel.json", "JSON", 0, 0, 0, 0, 0, 14, 0, 0, 0, 0, 0, 0, 14
"/Users/nemo/Desktop/Python/bilibili_api/bilibili_api/data/api/cheese.json", "JSON", 0, 0, 0, 0, 0, 37, 0, 0, 0, 0, 0, 0, 37
"/Users/nemo/Desktop/Python/bilibili_api/bilibili_api/data/api/common.json", "JSON", 0, 0, 0, 0, 0, 186, 0, 0, 0, 0, 0, 0, 186
"/Users/nemo/Desktop/Python/bilibili_api/bilibili_api/data/api/dynamic.json", "JSON", 0, 0, 0, 0, 0, 189, 0, 0, 0, 0, 0, 0, 189
"/Users/nemo/Desktop/Python/bilibili_api/bilibili_api/data/api/favorite-list.json", "JSON", 0, 0, 0, 0, 0, 160, 0, 0, 0, 0, 0, 0, 160
"/Users/nemo/Desktop/Python/bilibili_api/bilibili_api/data/api/homepage.json", "JSON", 0, 0, 0, 0, 0, 35, 0, 0, 0, 0, 0, 1, 36
"/Users/nemo/Desktop/Python/bilibili_api/bilibili_api/data/api/interactive_video.json", "JSON", 0, 0, 0, 0, 0, 36, 0, 0, 0, 0, 0, 1, 37
"/Users/nemo/Desktop/Python/bilibili_api/bilibili_api/data/api/live.json", "JSON", 0, 0, 0, 0, 0, 362, 0, 0, 0, 0, 0, 1, 363
"/Users/nemo/Desktop/Python/bilibili_api/bilibili_api/data/api/login.json", "JSON", 0, 0, 0, 0, 0, 81, 0, 0, 0, 0, 0, 0, 81
"/Users/nemo/Desktop/Python/bilibili_api/bilibili_api/data/api/rank.json", "JSON", 0, 0, 0, 0, 0, 40, 0, 0, 0, 0, 0, 1, 41
"/Users/nemo/Desktop/Python/bilibili_api/bilibili_api/data/api/search.json", "JSON", 0, 0, 0, 0, 0, 25, 0, 0, 0, 0, 0, 0, 25
"/Users/nemo/Desktop/Python/bilibili_api/bilibili_api/data/api/toview.json", "JSON", 0, 0, 0, 0, 0, 41, 0, 0, 0, 0, 0, 0, 41
"/Users/nemo/Desktop/Python/bilibili_api/bilibili_api/data/api/user.json", "JSON", 0, 0, 0, 0, 0, 316, 0, 0, 0, 0, 0, 0, 316
"/Users/nemo/Desktop/Python/bilibili_api/bilibili_api/data/api/video.json", "JSON", 0, 0, 0, 0, 0, 342, 0, 0, 0, 0, 0, 1, 343
"/Users/nemo/Desktop/Python/bilibili_api/bilibili_api/data/api/video_uploader.json", "JSON", 0, 0, 0, 0, 0, 73, 0, 0, 0, 0, 0, 3, 76
"/Users/nemo/Desktop/Python/bilibili_api/bilibili_api/data/channel.json", "JSON", 0, 0, 0, 0, 0, 1716, 0, 0, 0, 0, 0, 0, 1716
"/Users/nemo/Desktop/Python/bilibili_api/bilibili_api/data/countries_codes.json", "JSON", 0, 0, 0, 0, 0, 1077, 0, 0, 0, 0, 0, 0, 1077
"/Users/nemo/Desktop/Python/bilibili_api/bilibili_api/dynamic.py", "Python", 212, 0, 0, 0, 0, 0, 0, 0, 0, 0, 130, 55, 397
"/Users/nemo/Desktop/Python/bilibili_api/bilibili_api/exceptions/ApiException.py", "Python", 6, 0, 0, 0, 0, 0, 0, 0, 0, 0, 8, 5, 19
"/Users/nemo/Desktop/Python/bilibili_api/bilibili_api/exceptions/ArgsException.py", "Python", 5, 0, 0, 0, 0, 0, 0, 0, 0, 0, 12, 5, 22
"/Users/nemo/Desktop/Python/bilibili_api/bilibili_api/exceptions/CredentialNoBiliJctException.py", "Python", 5, 0, 0, 0, 0, 0, 0, 0, 0, 0, 8, 5, 18
"/Users/nemo/Desktop/Python/bilibili_api/bilibili_api/exceptions/CredentialNoBuvid3Exception.py", "Python", 5, 0, 0, 0, 0, 0, 0, 0, 0, 0, 8, 5, 18
"/Users/nemo/Desktop/Python/bilibili_api/bilibili_api/exceptions/CredentialNoDedeUserIDException.py", "Python", 5, 0, 0, 0, 0, 0, 0, 0, 0, 0, 8, 4, 17
"/Users/nemo/Desktop/Python/bilibili_api/bilibili_api/exceptions/CredentialNoSessdataException.py", "Python", 5, 0, 0, 0, 0, 0, 0, 0, 0, 0, 8, 5, 18
"/Users/nemo/Desktop/Python/bilibili_api/bilibili_api/exceptions/DanmakuClosedException.py", "Python", 5, 0, 0, 0, 0, 0, 0, 0, 0, 0, 8, 5, 18
"/Users/nemo/Desktop/Python/bilibili_api/bilibili_api/exceptions/DynamicExceedImagesException.py", "Python", 5, 0, 0, 0, 0, 0, 0, 0, 0, 0, 8, 5, 18
"/Users/nemo/Desktop/Python/bilibili_api/bilibili_api/exceptions/LiveException.py", "Python", 5, 0, 0, 0, 0, 0, 0, 0, 0, 0, 4, 4, 13
"/Users/nemo/Desktop/Python/bilibili_api/bilibili_api/exceptions/LoginError.py", "Python", 5, 0, 0, 0, 0, 0, 0, 0, 0, 0, 12, 5, 22
"/Users/nemo/Desktop/Python/bilibili_api/bilibili_api/exceptions/NetworkException.py", "Python", 8, 0, 0, 0, 0, 0, 0, 0, 0, 0, 14, 6, 28
"/Users/nemo/Desktop/Python/bilibili_api/bilibili_api/exceptions/ResponseCodeException.py", "Python", 9, 0, 0, 0, 0, 0, 0, 0, 0, 0, 15, 6, 30
"/Users/nemo/Desktop/Python/bilibili_api/bilibili_api/exceptions/ResponseException.py", "Python", 5, 0, 0, 0, 0, 0, 0, 0, 0, 0, 13, 5, 23
"/Users/nemo/Desktop/Python/bilibili_api/bilibili_api/exceptions/VideoUploadException.py", "Python", 5, 0, 0, 0, 0, 0, 0, 0, 0, 0, 12, 5, 22
"/Users/nemo/Desktop/Python/bilibili_api/bilibili_api/exceptions/__init__.py", "Python", 12, 0, 0, 0, 0, 0, 0, 0, 0, 0, 0, 1, 13
"/Users/nemo/Desktop/Python/bilibili_api/bilibili_api/favorite_list.py", "Python", 177, 0, 0, 0, 0, 0, 0, 0, 0, 0, 167, 77, 421
"/Users/nemo/Desktop/Python/bilibili_api/bilibili_api/homepage.py", "Python", 19, 0, 0, 0, 0, 0, 0, 0, 0, 0, 35, 11, 65
"/Users/nemo/Desktop/Python/bilibili_api/bilibili_api/html/captcha.html", "HTML", 0, 0, 0, 0, 498, 0, 0, 0, 0, 0, 0, 65, 563
"/Users/nemo/Desktop/Python/bilibili_api/bilibili_api/html/done.html", "HTML", 0, 0, 0, 0, 13, 0, 0, 0, 0, 0, 0, 1, 14
"/Users/nemo/Desktop/Python/bilibili_api/bilibili_api/interactive_video.py", "Python", 43, 0, 0, 0, 0, 0, 0, 0, 0, 0, 44, 16, 103
"/Users/nemo/Desktop/Python/bilibili_api/bilibili_api/live.py", "Python", 693, 0, 0, 0, 0, 0, 0, 0, 0, 0, 322, 139, 1154
"/Users/nemo/Desktop/Python/bilibili_api/bilibili_api/login.py", "Python", 336, 0, 0, 0, 0, 0, 0, 0, 0, 0, 139, 55, 530
"/Users/nemo/Desktop/Python/bilibili_api/bilibili_api/rank.py", "Python", 21, 0, 0, 0, 0, 0, 0, 0, 0, 0, 41, 13, 75
"/Users/nemo/Desktop/Python/bilibili_api/bilibili_api/search.py", "Python", 22, 0, 0, 0, 0, 0, 0, 0, 0, 0, 37, 9, 68
"/Users/nemo/Desktop/Python/bilibili_api/bilibili_api/settings.py", "Python", 4, 0, 0, 0, 0, 0, 0, 0, 0, 0, 8, 2, 14
"/Users/nemo/Desktop/Python/bilibili_api/bilibili_api/user.py", "Python", 364, 0, 0, 0, 0, 0, 0, 0, 0, 0, 381, 101, 846
"/Users/nemo/Desktop/Python/bilibili_api/bilibili_api/utils/AsyncEvent.py", "Python", 29, 0, 0, 0, 0, 0, 0, 0, 0, 0, 40, 12, 81
"/Users/nemo/Desktop/Python/bilibili_api/bilibili_api/utils/BytesReader.py", "Python", 85, 0, 0, 0, 0, 0, 0, 0, 0, 0, 136, 23, 244
"/Users/nemo/Desktop/Python/bilibili_api/bilibili_api/utils/Credential.py", "Python", 34, 0, 0, 0, 0, 0, 0, 0, 0, 0, 59, 14, 107
"/Users/nemo/Desktop/Python/bilibili_api/bilibili_api/utils/Danmaku.py", "Python", 62, 0, 0, 0, 0, 0, 0, 0, 0, 0, 39, 17, 118
"/Users/nemo/Desktop/Python/bilibili_api/bilibili_api/utils/__init__.py", "Python", 0, 0, 0, 0, 0, 0, 0, 0, 0, 0, 0, 1, 1
"/Users/nemo/Desktop/Python/bilibili_api/bilibili_api/utils/aid_bvid_transformer.py", "Python", 29, 0, 0, 0, 0, 0, 0, 0, 0, 0, 23, 9, 61
"/Users/nemo/Desktop/Python/bilibili_api/bilibili_api/utils/captcha.py", "Python", 153, 0, 0, 0, 0, 0, 0, 0, 0, 0, 84, 23, 260
"/Users/nemo/Desktop/Python/bilibili_api/bilibili_api/utils/json2srt.py", "Python", 46, 0, 0, 0, 0, 0, 0, 0, 0, 0, 9, 4, 59
"/Users/nemo/Desktop/Python/bilibili_api/bilibili_api/utils/network.py", "Python", 112, 0, 0, 0, 0, 0, 0, 0, 0, 0, 50, 42, 204
"/Users/nemo/Desktop/Python/bilibili_api/bilibili_api/utils/network_httpx.py", "Python", 113, 0, 0, 0, 0, 0, 0, 0, 0, 0, 50, 42, 205
"/Users/nemo/Desktop/Python/bilibili_api/bilibili_api/utils/parse_link.py", "Python", 147, 0, 0, 0, 0, 0, 0, 0, 0, 0, 63, 27, 237
"/Users/nemo/Desktop/Python/bilibili_api/bilibili_api/utils/short.py", "Python", 21, 0, 0, 0, 0, 0, 0, 0, 0, 0, 14, 3, 38
"/Users/nemo/Desktop/Python/bilibili_api/bilibili_api/utils/srt2ass.py", "Python", 99, 0, 0, 0, 0, 0, 0, 0, 0, 0, 31, 24, 154
"/Users/nemo/Desktop/Python/bilibili_api/bilibili_api/utils/sync.py", "Python", 15, 0, 0, 0, 0, 0, 0, 0, 0, 0, 9, 6, 30
"/Users/nemo/Desktop/Python/bilibili_api/bilibili_api/utils/utils.py", "Python", 102, 0, 0, 0, 0, 0, 0, 0, 0, 0, 38, 27, 167
"/Users/nemo/Desktop/Python/bilibili_api/bilibili_api/utils/varint.py", "Python", 14, 0, 0, 0, 0, 0, 0, 0, 0, 0, 14, 3, 31
"/Users/nemo/Desktop/Python/bilibili_api/bilibili_api/video.py", "Python", 860, 0, 0, 0, 0, 0, 0, 0, 0, 0, 494, 171, 1525
"/Users/nemo/Desktop/Python/bilibili_api/bilibili_api/video_uploader.py", "Python", 371, 0, 0, 0, 0, 0, 0, 0, 0, 0, 278, 109, 758
"/Users/nemo/Desktop/Python/bilibili_api/bilibili_api/vote.py", "Python", 7, 0, 0, 0, 0, 0, 0, 0, 0, 0, 15, 5, 27
"/Users/nemo/Desktop/Python/bilibili_api/changelogs/v1.md", "Markdown", 0, 55, 0, 0, 0, 0, 0, 0, 0, 0, 0, 16, 71
"/Users/nemo/Desktop/Python/bilibili_api/changelogs/v10.md", "Markdown", 0, 72, 0, 0, 0, 0, 0, 0, 0, 0, 0, 33, 105
"/Users/nemo/Desktop/Python/bilibili_api/changelogs/v2.md", "Markdown", 0, 37, 0, 0, 0, 0, 0, 0, 0, 0, 0, 10, 47
"/Users/nemo/Desktop/Python/bilibili_api/changelogs/v3.md", "Markdown", 0, 53, 0, 0, 0, 0, 0, 0, 0, 0, 0, 11, 64
"/Users/nemo/Desktop/Python/bilibili_api/changelogs/v4.md", "Markdown", 0, 16, 0, 0, 0, 0, 0, 0, 0, 0, 0, 5, 21
"/Users/nemo/Desktop/Python/bilibili_api/changelogs/v5.md", "Markdown", 0, 19, 0, 0, 0, 0, 0, 0, 0, 0, 0, 6, 25
"/Users/nemo/Desktop/Python/bilibili_api/changelogs/v6.md", "Markdown", 0, 32, 0, 0, 0, 0, 0, 0, 0, 0, 0, 5, 37
"/Users/nemo/Desktop/Python/bilibili_api/changelogs/v7.md", "Markdown", 0, 6, 0, 0, 0, 0, 0, 0, 0, 0, 0, 1, 7
"/Users/nemo/Desktop/Python/bilibili_api/changelogs/v8.md", "Markdown", 0, 19, 0, 0, 0, 0, 0, 0, 0, 0, 0, 4, 23
"/Users/nemo/Desktop/Python/bilibili_api/changelogs/v9.md", "Markdown", 0, 28, 0, 0, 0, 0, 0, 0, 0, 0, 0, 19, 47
"/Users/nemo/Desktop/Python/bilibili_api/docs/README.md", "Markdown", 0, 125, 0, 0, 0, 0, 0, 0, 0, 0, 0, 56, 181
"/Users/nemo/Desktop/Python/bilibili_api/docs/_sidebar.md", "Markdown", 0, 43, 0, 0, 0, 0, 0, 0, 0, 0, 0, 1, 44
"/Users/nemo/Desktop/Python/bilibili_api/docs/b23tv.md", "Markdown", 0, 6, 0, 0, 0, 0, 0, 0, 0, 0, 0, 3, 9
"/Users/nemo/Desktop/Python/bilibili_api/docs/configuration.md", "Markdown", 0, 13, 0, 0, 0, 0, 0, 0, 0, 0, 0, 7, 20
"/Users/nemo/Desktop/Python/bilibili_api/docs/examples/article.md", "Markdown", 0, 10, 0, 0, 0, 0, 0, 0, 0, 0, 0, 9, 19
"/Users/nemo/Desktop/Python/bilibili_api/docs/examples/ass.md", "Markdown", 0, 5, 0, 0, 0, 0, 0, 0, 0, 0, 0, 2, 7
"/Users/nemo/Desktop/Python/bilibili_api/docs/examples/audio.md", "Markdown", 0, 39, 0, 0, 0, 0, 0, 0, 0, 0, 0, 14, 53
"/Users/nemo/Desktop/Python/bilibili_api/docs/examples/bangumi.md", "Markdown", 0, 28, 0, 0, 0, 0, 0, 0, 0, 0, 0, 13, 41
"/Users/nemo/Desktop/Python/bilibili_api/docs/examples/comment.md", "Markdown", 0, 29, 0, 0, 0, 0, 0, 0, 0, 0, 0, 10, 39
"/Users/nemo/Desktop/Python/bilibili_api/docs/examples/dynamic.md", "Markdown", 0, 44, 0, 0, 0, 0, 0, 0, 0, 0, 0, 14, 58
"/Users/nemo/Desktop/Python/bilibili_api/docs/examples/favorite_list.md", "Markdown", 0, 11, 0, 0, 0, 0, 0, 0, 0, 0, 0, 6, 17
"/Users/nemo/Desktop/Python/bilibili_api/docs/examples/interactive_video.md", "Markdown", 0, 164, 0, 0, 0, 0, 0, 0, 0, 0, 0, 51, 215
"/Users/nemo/Desktop/Python/bilibili_api/docs/examples/live.md", "Markdown", 0, 63, 0, 0, 0, 0, 0, 0, 0, 0, 0, 19, 82
"/Users/nemo/Desktop/Python/bilibili_api/docs/examples/user.md", "Markdown", 0, 63, 0, 0, 0, 0, 0, 0, 0, 0, 0, 26, 89
"/Users/nemo/Desktop/Python/bilibili_api/docs/examples/video.md", "Markdown", 0, 110, 0, 0, 0, 0, 0, 0, 0, 0, 0, 30, 140
"/Users/nemo/Desktop/Python/bilibili_api/docs/examples/video_uploader.md", "Markdown", 0, 33, 0, 0, 0, 0, 0, 0, 0, 0, 0, 9, 42
"/Users/nemo/Desktop/Python/bilibili_api/docs/get-credential.md", "Markdown", 0, 29, 0, 0, 0, 0, 0, 0, 0, 0, 0, 26, 55
"/Users/nemo/Desktop/Python/bilibili_api/docs/history.html", "HTML", 0, 0, 0, 0, 57, 0, 0, 0, 0, 0, 0, 11, 68
"/Users/nemo/Desktop/Python/bilibili_api/docs/history.md", "Markdown", 0, 3, 0, 0, 0, 0, 0, 0, 0, 0, 0, 2, 5
"/Users/nemo/Desktop/Python/bilibili_api/docs/index.html", "HTML", 0, 0, 0, 0, 68, 0, 0, 0, 0, 0, 1, 6, 75
"/Users/nemo/Desktop/Python/bilibili_api/docs/login.md", "Markdown", 0, 84, 0, 0, 0, 0, 0, 0, 0, 0, 0, 21, 105
"/Users/nemo/Desktop/Python/bilibili_api/docs/modules/app.md", "Markdown", 0, 29, 0, 0, 0, 0, 0, 0, 0, 0, 0, 14, 43
"/Users/nemo/Desktop/Python/bilibili_api/docs/modules/article.md", "Markdown", 0, 52, 0, 0, 0, 0, 0, 0, 0, 0, 0, 41, 93
"/Users/nemo/Desktop/Python/bilibili_api/docs/modules/ass.md", "Markdown", 0, 51, 0, 0, 0, 0, 0, 0, 0, 0, 0, 14, 65
"/Users/nemo/Desktop/Python/bilibili_api/docs/modules/audio.md", "Markdown", 0, 60, 0, 0, 0, 0, 0, 0, 0, 0, 0, 44, 104
"/Users/nemo/Desktop/Python/bilibili_api/docs/modules/bangumi.md", "Markdown", 0, 95, 0, 0, 0, 0, 0, 0, 0, 0, 0, 71, 166
"/Users/nemo/Desktop/Python/bilibili_api/docs/modules/bilibili_api.md", "Markdown", 0, 146, 0, 0, 0, 0, 0, 0, 0, 0, 0, 94, 240
"/Users/nemo/Desktop/Python/bilibili_api/docs/modules/channel.md", "Markdown", 0, 28, 0, 0, 0, 0, 0, 0, 0, 0, 0, 19, 47
"/Users/nemo/Desktop/Python/bilibili_api/docs/modules/cheese.md", "Markdown", 0, 87, 0, 0, 0, 0, 0, 0, 0, 0, 0, 63, 150
"/Users/nemo/Desktop/Python/bilibili_api/docs/modules/comment.md", "Markdown", 0, 91, 0, 0, 0, 0, 0, 0, 0, 0, 0, 52, 143
"/Users/nemo/Desktop/Python/bilibili_api/docs/modules/dynamic.md", "Markdown", 0, 79, 0, 0, 0, 0, 0, 0, 0, 0, 0, 53, 132
"/Users/nemo/Desktop/Python/bilibili_api/docs/modules/favorite_list.md", "Markdown", 0, 150, 0, 0, 0, 0, 0, 0, 0, 0, 0, 80, 230
"/Users/nemo/Desktop/Python/bilibili_api/docs/modules/homepage.md", "Markdown", 0, 30, 0, 0, 0, 0, 0, 0, 0, 0, 0, 20, 50
"/Users/nemo/Desktop/Python/bilibili_api/docs/modules/interactive_video.md", "Markdown", 0, 37, 0, 0, 0, 0, 0, 0, 0, 0, 0, 20, 57
"/Users/nemo/Desktop/Python/bilibili_api/docs/modules/live.md", "Markdown", 0, 261, 0, 0, 0, 0, 0, 0, 0, 0, 0, 156, 417
"/Users/nemo/Desktop/Python/bilibili_api/docs/modules/login.md", "Markdown", 0, 102, 0, 0, 0, 0, 0, 0, 0, 0, 0, 62, 164
"/Users/nemo/Desktop/Python/bilibili_api/docs/modules/rank.md", "Markdown", 0, 22, 0, 0, 0, 0, 0, 0, 0, 0, 0, 18, 40
"/Users/nemo/Desktop/Python/bilibili_api/docs/modules/search.md", "Markdown", 0, 30, 0, 0, 0, 0, 0, 0, 0, 0, 0, 14, 44
"/Users/nemo/Desktop/Python/bilibili_api/docs/modules/user.md", "Markdown", 0, 276, 0, 0, 0, 0, 0, 0, 0, 0, 0, 180, 456
"/Users/nemo/Desktop/Python/bilibili_api/docs/modules/video.md", "Markdown", 0, 283, 0, 0, 0, 0, 0, 0, 0, 0, 0, 166, 449
"/Users/nemo/Desktop/Python/bilibili_api/docs/modules/video_uploader.md", "Markdown", 0, 96, 0, 0, 0, 0, 0, 0, 0, 0, 0, 51, 147
"/Users/nemo/Desktop/Python/bilibili_api/docs/modules/vote.md", "Markdown", 0, 10, 0, 0, 0, 0, 0, 0, 0, 0, 0, 6, 16
"/Users/nemo/Desktop/Python/bilibili_api/docs/package.json", "JSON", 0, 0, 0, 0, 0, 29, 0, 0, 0, 0, 0, 1, 30
"/Users/nemo/Desktop/Python/bilibili_api/docs/parse_link.md", "Markdown", 0, 60, 0, 0, 0, 0, 0, 0, 0, 0, 0, 24, 84
"/Users/nemo/Desktop/Python/bilibili_api/docs/search.js", "JavaScript", 0, 0, 0, 1, 0, 0, 0, 0, 0, 0, 0, 0, 1
"/Users/nemo/Desktop/Python/bilibili_api/docs/sync-executor.md", "Markdown", 0, 34, 0, 0, 0, 0, 0, 0, 0, 0, 0, 16, 50
"/Users/nemo/Desktop/Python/bilibili_api/docs/theme.css", "CSS", 0, 0, 0, 0, 0, 0, 861, 0, 0, 0, 0, 178, 1039
"/Users/nemo/Desktop/Python/bilibili_api/docs/vote_id.md", "Markdown", 0, 46, 0, 0, 0, 0, 0, 0, 0, 0, 0, 12, 58
"/Users/nemo/Desktop/Python/bilibili_api/install.py", "Python", 11, 0, 0, 0, 0, 0, 0, 0, 0, 0, 1, 7, 19
"/Users/nemo/Desktop/Python/bilibili_api/js/models/Credential.ts", "TypeScript", 0, 0, 0, 0, 0, 0, 0, 0, 0, 19, 0, 4, 23
"/Users/nemo/Desktop/Python/bilibili_api/js/models/Proxy.ts", "TypeScript", 0, 0, 0, 0, 0, 0, 0, 0, 0, 12, 0, 2, 14
"/Users/nemo/Desktop/Python/bilibili_api/js/package.json", "JSON", 0, 0, 0, 0, 0, 33, 0, 0, 0, 0, 0, 1, 34
"/Users/nemo/Desktop/Python/bilibili_api/js/tests/main.ts", "TypeScript", 0, 0, 0, 0, 0, 0, 0, 0, 0, 19, 0, 5, 24
"/Users/nemo/Desktop/Python/bilibili_api/js/tests/tsconfig.json", "JSON with Comments", 0, 0, 0, 0, 0, 0, 0, 0, 7, 0, 0, 0, 7
"/Users/nemo/Desktop/Python/bilibili_api/js/tsconfig.json", "JSON with Comments", 0, 0, 0, 0, 0, 0, 0, 0, 12, 0, 83, 8, 103
"/Users/nemo/Desktop/Python/bilibili_api/js/utils/network.ts", "TypeScript", 0, 0, 0, 0, 0, 0, 0, 0, 0, 55, 0, 4, 59
"/Users/nemo/Desktop/Python/bilibili_api/requirements.txt", "pip requirements", 0, 0, 0, 0, 0, 0, 0, 14, 0, 0, 1, 1, 16
"/Users/nemo/Desktop/Python/bilibili_api/scripts/lint.py", "Python", 2, 0, 0, 0, 0, 0, 0, 0, 0, 0, 1, 2, 5
"/Users/nemo/Desktop/Python/bilibili_api/setup.py", "Python", 38, 0, 0, 0, 0, 0, 0, 0, 0, 0, 0, 4, 42
"Total", "-", 5808, 3630, 25, 1, 636, 5099, 861, 14, 19, 105, 3609, 3678, 23485